id,Day,ROUTE_SURVEYEDCode
150,Wednesday,SUN_1_700_01
151,Wednesday,SUN_1_700_01
152,Wednesday,SUN_1_700_01
153,Wednesday,SUN_1_700_01
154,Wednesday,SUN_1_700_00
156,Wednesday,SUN_1_700_00
157,Wednesday,SUN_1_700_00
158,Wednesday,SUN_1_700_00
159,Wednesday,SUN_1_700_00
161,Wednesday,SUN_1_700_01
162,Wednesday,SUN_1_700_01
163,Wednesday,SUN_1_700_01
164,Wednesday,SUN_1_700_01
165,Wednesday,SUN_1_700_01
166,Wednesday,SUN_1_700_00
167,Wednesday,SUN_1_700_00
169,Wednesday,SUN_1_4_01
170,Wednesday,SUN_1_4_01
171,Wednesday,SUN_1_4_01
172,Wednesday,SUN_1_4_01
173,Wednesday,SUN_1_4_01
174,Wednesday,SUN_1_4_01
175,Wednesday,SUN_1_4_01
177,Wednesday,SUN_1_4_00
178,Wednesday,SUN_1_4_00
179,Wednesday,SUN_1_4_00
180,Wednesday,SUN_1_4_00
181,Wednesday,SUN_1_4_00
182,Wednesday,SUN_1_4_00
183,Wednesday,SUN_1_4_00
185,Wednesday,SUN_1_4_00
189,Wednesday,SUN_1_25_01
190,Wednesday,SUN_1_25_01
191,Wednesday,SUN_1_25_01
192,Wednesday,SUN_1_25_01
194,Wednesday,SUN_1_25_01
195,Wednesday,SUN_1_25_01
196,Wednesday,SUN_1_25_01
198,Wednesday,SUN_1_25_00
199,Wednesday,SUN_1_25_00
200,Wednesday,SUN_1_18_00
201,Wednesday,SUN_1_18_00
203,Thursday,SUN_1_8_00
204,Thursday,SUN_1_8_00
205,Thursday,SUN_1_8_00
206,Thursday,SUN_1_8_00
207,Thursday,SUN_1_8_00
209,Thursday,SUN_1_8_00
210,Thursday,SUN_1_8_00
211,Thursday,SUN_1_8_01
212,Thursday,SUN_1_8_00
214,Thursday,SUN_1_8_01
215,Thursday,SUN_1_8_01
216,Thursday,SUN_1_8_01
217,Thursday,SUN_1_8_01
218,Thursday,SUN_1_8_01
219,Thursday,SUN_1_18_01
222,Thursday,SUN_1_18_01
223,Thursday,SUN_1_18_01
225,Thursday,SUN_1_18_00
227,Thursday,SUN_1_18_00
228,Thursday,SUN_1_18_00
230,Thursday,SUN_1_21_00
233,Thursday,SUN_1_21_00
234,Thursday,SUN_1_21_01
235,Thursday,SUN_1_21_01
236,Thursday,SUN_1_21_01
238,Thursday,SUN_1_8_00
239,Thursday,SUN_1_8_00
240,Thursday,SUN_1_8_00
241,Thursday,SUN_1_8_00
242,Thursday,SUN_1_8_00
243,Thursday,SUN_1_8_00
244,Thursday,SUN_1_8_00
246,Thursday,SUN_1_9_01
248,Thursday,SUN_1_8_01
249,Thursday,SUN_1_8_01
250,Thursday,SUN_1_8_01
251,Thursday,SUN_1_8_01
252,Thursday,SUN_1_8_01
254,Thursday,SUN_1_8_01
259,Thursday,SUN_1_1_00
260,Thursday,SUN_1_1_00
261,Thursday,SUN_1_1_00
262,Thursday,SUN_1_1_00
263,Thursday,SUN_1_1_01
264,Thursday,SUN_1_1_00
265,Thursday,SUN_1_1_00
266,Thursday,SUN_1_1_01
267,Thursday,SUN_1_1_00
269,Thursday,SUN_1_1_00
270,Thursday,SUN_1_1_01
271,Thursday,SUN_1_1_01
272,Thursday,SUN_1_1_01
273,Thursday,SUN_1_1_01
274,Thursday,SUN_1_1_01
275,Thursday,SUN_1_1_01
276,Friday,SUN_1_18_01
277,Friday,SUN_1_18_01
278,Friday,SUN_1_18_01
279,Friday,SUN_1_18_00
280,Friday,SUN_1_18_00
290,Saturday,SUN_1_8_00
293,Saturday,SUN_1_5_00
294,Saturday,SUN_1_5_00
295,Saturday,SUN_1_5_00
296,Saturday,SUN_1_5_00
297,Saturday,SUN_1_5_01
298,Saturday,SUN_1_5_01
299,Saturday,SUN_1_5_01
310,Saturday,SUN_1_5_01
311,Saturday,SUN_1_34_00
312,Saturday,SUN_1_5_01
313,Saturday,SUN_1_37_01
314,Saturday,SUN_1_34_00
315,Saturday,SUN_1_34_00
316,Saturday,SUN_1_34_00
317,Saturday,SUN_1_37_01
318,Saturday,SUN_1_34_00
319,Saturday,SUN_1_34_00
320,Saturday,SUN_1_34_00
321,Saturday,SUN_1_34_00
322,Saturday,SUN_1_34_00
323,Saturday,SUN_1_34_00
324,Saturday,SUN_1_37_00
325,Saturday,SUN_1_37_00
326,Saturday,SUN_1_15_01
327,Saturday,SUN_1_37_00
328,Saturday,SUN_1_37_00
329,Saturday,SUN_1_15_01
330,Saturday,SUN_1_37_00
331,Saturday,SUN_1_15_01
332,Saturday,SUN_1_37_01
333,Saturday,SUN_1_15_01
334,Saturday,SUN_1_15_00
336,Saturday,SUN_1_9_00
337,Saturday,SUN_1_9_00
338,Saturday,SUN_1_15_00
339,Saturday,SUN_1_9_00
340,Saturday,SUN_1_15_00
341,Saturday,SUN_1_15_00
342,Saturday,SUN_1_9_00
343,Saturday,SUN_1_15_00
348,Saturday,SUN_1_15_00
349,Saturday,SUN_1_34_01
351,Saturday,SUN_1_34_01
352,Saturday,SUN_1_9_01
353,Saturday,SUN_1_34_01
354,Saturday,SUN_1_9_01
355,Saturday,SUN_1_34_01
356,Saturday,SUN_1_34_01
357,Saturday,SUN_1_9_01
358,Saturday,SUN_1_34_01
359,Saturday,SUN_1_34_01
360,Saturday,SUN_1_34_01
361,Saturday,SUN_1_9_01
362,Saturday,SUN_1_1_00
363,Saturday,SUN_1_17_01
364,Saturday,SUN_1_9_00
365,Saturday,SUN_1_17_01
366,Saturday,SUN_1_9_00
367,Saturday,SUN_1_17_01
368,Saturday,SUN_1_17_01
369,Saturday,SUN_1_9_00
371,Saturday,SUN_1_9_00
372,Saturday,SUN_1_17_00
373,Saturday,SUN_1_17_00
374,Saturday,SUN_1_17_00
375,Saturday,SUN_1_9_01
376,Saturday,SUN_1_9_01
377,Saturday,SUN_1_17_00
378,Saturday,SUN_1_17_00
379,Saturday,SUN_1_9_01
380,Saturday,SUN_1_17_00
381,Saturday,SUN_1_9_01
382,Saturday,SUN_1_17_00
383,Saturday,SUN_1_9_01
384,Saturday,SUN_1_17_00
385,Saturday,SUN_1_17_00
386,Saturday,SUN_1_9_01
387,Saturday,SUN_1_17_00
388,Saturday,SUN_1_17_00
389,Saturday,SUN_1_17_00
390,Saturday,SUN_1_17_00
391,Saturday,SUN_1_37_01
392,Saturday,SUN_1_17_00
393,Saturday,SUN_1_37_01
394,Saturday,SUN_1_17_00
395,Saturday,SUN_1_34_01
396,Saturday,SUN_1_34_01
398,Saturday,SUN_1_34_01
399,Saturday,SUN_1_34_01
400,Saturday,SUN_1_34_01
401,Saturday,SUN_1_34_01
402,Saturday,SUN_1_34_01
403,Saturday,SUN_1_34_01
404,Saturday,SUN_1_34_01
406,Saturday,SUN_1_5_00
462,Sunday,SUN_1_8_00
463,Sunday,SUN_1_37_01
464,Sunday,SUN_1_37_01
465,Sunday,SUN_1_37_00
466,Sunday,SUN_1_37_00
467,Sunday,SUN_1_34_00
468,Sunday,SUN_1_37_00
469,Sunday,SUN_1_34_00
470,Sunday,SUN_1_34_00
471,Sunday,SUN_1_37_00
472,Sunday,SUN_1_34_00
473,Sunday,SUN_1_37_00
474,Sunday,SUN_1_34_00
475,Sunday,SUN_1_34_00
476,Sunday,SUN_1_5_00
477,Sunday,SUN_1_5_00
479,Sunday,SUN_1_34_00
480,Sunday,SUN_1_5_00
481,Sunday,SUN_1_34_01
482,Sunday,SUN_1_5_00
486,Sunday,SUN_1_34_01
487,Sunday,SUN_1_34_01
488,Sunday,SUN_1_34_01
489,Sunday,SUN_1_34_00
490,Sunday,SUN_1_5_01
491,Sunday,SUN_1_5_01
492,Sunday,SUN_1_5_01
493,Sunday,SUN_1_5_01
494,Sunday,SUN_1_34_00
495,Sunday,SUN_1_34_00
496,Sunday,SUN_1_34_00
497,Sunday,SUN_1_34_00
498,Sunday,SUN_1_34_00
499,Sunday,SUN_1_15_01
500,Sunday,SUN_1_9_00
501,Sunday,SUN_1_15_01
502,Sunday,SUN_1_9_00
503,Sunday,SUN_1_9_00
505,Sunday,SUN_1_9_00
506,Sunday,SUN_1_15_01
507,Sunday,SUN_1_15_01
508,Sunday,SUN_1_15_00
509,Sunday,SUN_1_9_00
510,Sunday,SUN_1_15_00
511,Sunday,SUN_1_9_01
512,Sunday,SUN_1_15_00
513,Sunday,SUN_1_9_01
514,Sunday,SUN_1_15_00
515,Sunday,SUN_1_15_00
516,Sunday,SUN_1_9_01
517,Sunday,SUN_1_9_01
518,Sunday,SUN_1_15_00
519,Sunday,SUN_1_9_01
520,Sunday,SUN_1_61_00
521,Sunday,SUN_1_9_01
522,Sunday,SUN_1_9_01
523,Sunday,SUN_1_61_00
524,Sunday,SUN_1_9_01
525,Sunday,SUN_1_61_00
526,Sunday,SUN_1_61_00
528,Sunday,SUN_1_9_00
529,Sunday,SUN_1_9_00
530,Sunday,SUN_1_61_01
531,Sunday,SUN_1_61_01
532,Sunday,SUN_1_61_01
533,Sunday,SUN_1_17_01
534,Sunday,SUN_1_17_01
535,Sunday,SUN_1_17_01
536,Sunday,SUN_1_17_01
537,Sunday,SUN_1_17_01
538,Sunday,SUN_1_17_01
539,Sunday,SUN_1_17_01
541,Sunday,SUN_1_17_01
542,Sunday,SUN_1_37_01
543,Sunday,SUN_1_17_01
544,Sunday,SUN_1_17_01
545,Sunday,SUN_1_17_01
546,Sunday,SUN_1_17_01
547,Sunday,SUN_1_17_01
548,Sunday,SUN_1_17_01
550,Sunday,SUN_1_17_01
551,Sunday,SUN_1_17_01
552,Sunday,SUN_1_17_01
553,Sunday,SUN_1_17_01
554,Sunday,SUN_1_17_00
555,Sunday,SUN_1_17_00
556,Sunday,SUN_1_17_00
557,Sunday,SUN_1_34_00
558,Sunday,SUN_1_34_00
559,Sunday,SUN_1_34_00
560,Sunday,SUN_1_34_00
669,Monday,SUN_1_201X_00
670,Monday,SUN_1_201X_00
671,Monday,SUN_1_201X_00
672,Monday,SUN_1_201X_00
673,Monday,SUN_1_7_01
674,Monday,SUN_1_11_00
675,Monday,SUN_1_8_00
676,Monday,SUN_1_8_00
682,Monday,SUN_1_8_01
683,Monday,SUN_1_8_01
684,Monday,SUN_1_8_01
686,Monday,SUN_1_8_01
687,Monday,SUN_1_12_01
690,Monday,SUN_1_12_01
691,Monday,SUN_1_12_01
692,Monday,SUN_1_12_01
693,Monday,SUN_1_201X_01
695,Monday,SUN_1_201X_01
696,Monday,SUN_1_201X_01
697,Monday,SUN_1_201X_01
710,Tuesday,SUN_1_34_00
711,Tuesday,SUN_1_34_00
714,Tuesday,SUN_1_34_00
715,Tuesday,SUN_1_34_00
716,Tuesday,SUN_1_34_00
717,Tuesday,SUN_1_34_01
718,Tuesday,SUN_1_34_01
720,Tuesday,SUN_1_34_01
729,Tuesday,SUN_1_34_00
736,Tuesday,SUN_1_34_00
739,Tuesday,SUN_1_34_00
808,Tuesday,SUN_1_34_01
847,Tuesday,SUN_1_34_01
852,Tuesday,SUN_1_34_01
894,Tuesday,SUN_1_34_00
897,Tuesday,SUN_1_34_00
898,Tuesday,SUN_1_34_00
899,Tuesday,SUN_1_34_00
905,Tuesday,SUN_1_34_00
909,Tuesday,SUN_1_34_00
910,Tuesday,SUN_1_34_00
913,Tuesday,SUN_1_34_00
917,Tuesday,SUN_1_34_00
918,Tuesday,SUN_1_34_00
919,Tuesday,SUN_1_34_00
920,Tuesday,SUN_1_34_01
921,Tuesday,SUN_1_34_00
922,Tuesday,SUN_1_34_01
923,Tuesday,SUN_1_34_01
925,Tuesday,SUN_1_34_01
926,Tuesday,SUN_1_34_01
927,Tuesday,SUN_1_34_01
933,Tuesday,SUN_1_34_01
935,Tuesday,SUN_1_34_01
936,Tuesday,SUN_1_34_01
937,Tuesday,SUN_1_34_01
938,Tuesday,SUN_1_34_00
940,Tuesday,SUN_1_34_00
941,Tuesday,SUN_1_34_00
942,Tuesday,SUN_1_34_00
944,Tuesday,SUN_1_34_00
945,Tuesday,SUN_1_34_00
946,Tuesday,SUN_1_34_00
947,Tuesday,SUN_1_34_00
949,Tuesday,SUN_1_34_00
951,Tuesday,SUN_1_34_00
953,Tuesday,SUN_1_34_01
959,Tuesday,SUN_1_34_00
961,Tuesday,SUN_1_34_01
967,Tuesday,SUN_1_34_01
994,Tuesday,SUN_1_34_01
1001,Tuesday,SUN_1_34_01
1005,Tuesday,SUN_1_34_01
1006,Tuesday,SUN_1_34_01
1007,Tuesday,SUN_1_34_01
1066,Tuesday,SUN_1_34_01
1069,Tuesday,SUN_1_34_00
1106,Tuesday,SUN_1_34_00
1110,Tuesday,SUN_1_34_00
1111,Tuesday,SUN_1_34_00
1112,Tuesday,SUN_1_34_00
1113,Tuesday,SUN_1_34_00
1133,Tuesday,SUN_1_34_00
1145,Tuesday,SUN_1_34_01
1147,Tuesday,SUN_1_34_01
1148,Tuesday,SUN_1_34_01
1149,Tuesday,SUN_1_34_01
1150,Tuesday,SUN_1_34_01
1151,Tuesday,SUN_1_34_01
1152,Tuesday,SUN_1_34_00
1153,Tuesday,SUN_1_34_00
1154,Tuesday,SUN_1_34_00
1155,Tuesday,SUN_1_11_00
1157,Tuesday,SUN_1_34_00
1159,Tuesday,SUN_1_34_01
1160,Tuesday,SUN_1_34_01
1161,Tuesday,SUN_1_34_01
1162,Tuesday,SUN_1_34_01
1163,Tuesday,SUN_1_34_01
1164,Tuesday,SUN_1_34_01
1165,Tuesday,SUN_1_34_01
1166,Tuesday,SUN_1_34_01
1169,Tuesday,SUN_1_34_00
1170,Tuesday,SUN_1_34_00
1178,Wednesday,SUN_1_4_01
1181,Wednesday,SUN_1_10_00
1182,Wednesday,SUN_1_25_01
1184,Wednesday,SUN_1_23_01
1187,Wednesday,SUN_1_6_00
1188,Wednesday,SUN_1_23_01
1193,Wednesday,SUN_1_6_00
1197,Wednesday,SUN_1_25_00
1201,Wednesday,SUN_1_23_01
1202,Wednesday,SUN_1_16_00
1203,Wednesday,SUN_1_4_01
1206,Wednesday,SUN_1_10_00
1215,Wednesday,SUN_1_1_00
1217,Wednesday,SUN_1_8_00
1219,Wednesday,SUN_1_16_00
1220,Wednesday,SUN_1_6_01
1222,Wednesday,SUN_1_4_01
1226,Wednesday,SUN_1_8_00
1227,Wednesday,SUN_1_23_00
1229,Wednesday,SUN_1_16_01
1231,Wednesday,SUN_1_8_01
1236,Wednesday,SUN_1_1_01
1237,Wednesday,SUN_1_4_00
1238,Wednesday,SUN_1_25_00
1239,Wednesday,SUN_1_4_01
1247,Wednesday,SUN_1_23_01
1249,Wednesday,SUN_1_6_01
1255,Wednesday,SUN_1_6_01
1262,Wednesday,SUN_1_8_00
1265,Wednesday,SUN_1_1_00
1266,Wednesday,SUN_1_23_00
1267,Wednesday,SUN_1_7_00
1268,Wednesday,SUN_1_25_00
1272,Wednesday,SUN_1_4_00
1275,Wednesday,SUN_1_8_01
1277,Wednesday,SUN_1_4_00
1278,Wednesday,SUN_1_1_01
1279,Wednesday,SUN_1_8_00
1287,Wednesday,SUN_1_25_00
1288,Wednesday,SUN_1_23_00
1289,Wednesday,SUN_1_23_00
1294,Wednesday,SUN_1_8_01
1296,Wednesday,SUN_1_4_00
1309,Wednesday,SUN_1_1_01
1310,Wednesday,SUN_1_8_00
1311,Wednesday,SUN_1_16_01
1314,Wednesday,SUN_1_8_00
1316,Wednesday,SUN_1_4_00
1318,Wednesday,SUN_1_7_01
1320,Wednesday,SUN_1_4_00
1322,Wednesday,SUN_1_1_01
1323,Wednesday,SUN_1_8_00
1324,Wednesday,SUN_1_8_01
1336,Wednesday,SUN_1_8_00
1337,Wednesday,SUN_1_4_00
1341,Wednesday,SUN_1_1_01
1348,Wednesday,SUN_1_8_00
1351,Wednesday,SUN_1_4_00
1352,Wednesday,SUN_1_1_00
1356,Wednesday,SUN_1_3_00
1358,Wednesday,SUN_1_8_01
1362,Wednesday,SUN_1_1_01
1364,Wednesday,SUN_1_8_00
1365,Wednesday,SUN_1_4_01
1368,Wednesday,SUN_1_7_01
1370,Wednesday,SUN_1_8_01
1372,Wednesday,SUN_1_16_00
1378,Wednesday,SUN_1_1_01
1389,Wednesday,SUN_1_4_01
1405,Wednesday,SUN_1_8_00
1406,Wednesday,SUN_1_9_00
1410,Wednesday,SUN_1_16_00
1411,Wednesday,SUN_1_7_01
1414,Wednesday,SUN_1_4_01
1423,Wednesday,SUN_1_25_01
1445,Wednesday,SUN_1_4_01
1446,Wednesday,SUN_1_4_01
1450,Wednesday,SUN_1_16_00
1452,Wednesday,SUN_1_23_01
1453,Wednesday,SUN_1_25_01
1460,Wednesday,SUN_1_4_01
1465,Wednesday,SUN_1_8_00
1467,Wednesday,SUN_1_4_01
1468,Wednesday,SUN_1_9_00
1469,Wednesday,SUN_1_16_00
1471,Wednesday,SUN_1_8_01
1472,Wednesday,SUN_1_25_01
1473,Wednesday,SUN_1_8_00
1474,Wednesday,SUN_1_4_01
1477,Wednesday,SUN_1_16_01
1479,Wednesday,SUN_1_9_01
1482,Wednesday,SUN_1_1_00
1498,Wednesday,SUN_1_8_00
1502,Wednesday,SUN_1_8_01
1503,Wednesday,SUN_1_4_01
1505,Wednesday,SUN_1_7_00
1506,Wednesday,SUN_1_16_01
1511,Wednesday,SUN_1_8_01
1516,Wednesday,SUN_1_25_01
1517,Wednesday,SUN_1_16_01
1518,Wednesday,SUN_1_23_01
1522,Wednesday,SUN_1_4_01
1525,Wednesday,SUN_1_16_01
1528,Wednesday,SUN_1_8_01
1530,Wednesday,SUN_1_1_00
1533,Wednesday,SUN_1_7_00
1538,Wednesday,SUN_1_4_00
1541,Wednesday,SUN_1_16_01
1544,Wednesday,SUN_1_9_01
1547,Wednesday,SUN_1_23_00
1558,Wednesday,SUN_1_8_01
1559,Wednesday,SUN_1_16_01
1561,Wednesday,SUN_1_8_01
1563,Wednesday,SUN_1_16_01
1565,Wednesday,SUN_1_25_00
1566,Wednesday,SUN_1_1_01
1569,Wednesday,SUN_1_23_00
1571,Wednesday,SUN_1_9_01
1572,Wednesday,SUN_1_4_00
1573,Wednesday,SUN_1_4_00
1575,Wednesday,SUN_1_25_00
1579,Wednesday,SUN_1_4_00
1581,Wednesday,SUN_1_8_01
1583,Wednesday,SUN_1_25_00
1584,Wednesday,SUN_1_16_01
1585,Wednesday,SUN_1_8_01
1587,Wednesday,SUN_1_16_01
1588,Wednesday,SUN_1_16_00
1590,Wednesday,SUN_1_23_00
1592,Wednesday,SUN_1_4_00
1595,Wednesday,SUN_1_8_01
1599,Wednesday,SUN_1_4_00
1601,Wednesday,SUN_1_8_00
1603,Wednesday,SUN_1_16_00
1608,Wednesday,SUN_1_1_01
1611,Wednesday,SUN_1_16_01
1615,Wednesday,SUN_1_9_00
1622,Wednesday,SUN_1_16_00
1629,Wednesday,SUN_1_2_01
1631,Wednesday,SUN_1_1_01
1632,Wednesday,SUN_1_9_00
1635,Wednesday,SUN_1_16_00
1644,Wednesday,SUN_1_4_00
1650,Wednesday,SUN_1_9_00
1651,Wednesday,SUN_1_16_00
1652,Wednesday,SUN_1_1_00
1660,Wednesday,SUN_1_9_00
1662,Wednesday,SUN_1_1_00
1663,Wednesday,SUN_1_7_01
1664,Wednesday,SUN_1_8_00
1669,Wednesday,SUN_1_16_00
1670,Wednesday,SUN_1_8_00
1673,Wednesday,SUN_1_4_00
1677,Wednesday,SUN_1_16_00
1678,Wednesday,SUN_1_7_01
1679,Wednesday,SUN_1_16_00
1680,Wednesday,SUN_1_8_00
1682,Wednesday,SUN_1_4_01
1683,Wednesday,SUN_1_8_00
1686,Wednesday,SUN_1_8_00
1687,Wednesday,SUN_1_2_01
1689,Wednesday,SUN_1_16_00
1690,Wednesday,SUN_1_16_00
1691,Wednesday,SUN_1_9_00
1695,Wednesday,SUN_1_4_01
1697,Wednesday,SUN_1_16_01
1699,Wednesday,SUN_1_2_01
1700,Wednesday,SUN_1_16_00
1702,Wednesday,SUN_1_8_00
1703,Wednesday,SUN_1_4_01
1704,Wednesday,SUN_1_8_00
1706,Wednesday,SUN_1_16_00
1707,Wednesday,SUN_1_9_00
1708,Wednesday,SUN_1_4_01
1709,Wednesday,SUN_1_9_00
1719,Wednesday,SUN_1_25_01
1720,Wednesday,SUN_1_9_00
1726,Wednesday,SUN_1_8_00
1730,Wednesday,SUN_1_8_01
1732,Wednesday,SUN_1_16_01
1738,Wednesday,SUN_1_8_00
1739,Wednesday,SUN_1_9_00
1740,Wednesday,SUN_1_7_00
1741,Wednesday,SUN_1_2_00
1742,Wednesday,SUN_1_25_01
1743,Wednesday,SUN_1_9_01
1744,Wednesday,SUN_1_16_01
1748,Wednesday,SUN_1_9_00
1749,Wednesday,SUN_1_16_01
1752,Wednesday,SUN_1_9_00
1755,Wednesday,SUN_1_9_01
1759,Wednesday,SUN_1_8_00
1760,Wednesday,SUN_1_9_00
1763,Wednesday,SUN_1_16_01
1764,Wednesday,SUN_1_8_00
1766,Wednesday,SUN_1_9_01
1767,Wednesday,SUN_1_25_01
1772,Wednesday,SUN_1_8_01
1773,Wednesday,SUN_1_9_01
1775,Wednesday,SUN_1_9_01
1777,Wednesday,SUN_1_4_00
1781,Wednesday,SUN_1_8_01
1782,Wednesday,SUN_1_25_01
1783,Wednesday,SUN_1_16_01
1784,Wednesday,SUN_1_2_00
1789,Wednesday,SUN_1_25_00
1791,Wednesday,SUN_1_4_00
1792,Wednesday,SUN_1_7_00
1793,Wednesday,SUN_1_9_01
1794,Wednesday,SUN_1_8_01
1795,Wednesday,SUN_1_16_01
1798,Wednesday,SUN_1_9_01
1799,Wednesday,SUN_1_8_01
1800,Wednesday,SUN_1_7_00
1802,Wednesday,SUN_1_9_01
1805,Wednesday,SUN_1_16_01
1807,Wednesday,SUN_1_4_00
1809,Wednesday,SUN_1_8_01
1810,Wednesday,SUN_1_9_01
1814,Wednesday,SUN_1_8_01
1815,Wednesday,SUN_1_700_01
1817,Wednesday,SUN_1_9_01
1818,Wednesday,SUN_1_4_01
1821,Wednesday,SUN_1_16_00
1825,Wednesday,SUN_1_9_01
1832,Wednesday,SUN_1_25_00
1833,Wednesday,SUN_1_8_00
1834,Wednesday,SUN_1_9_01
1846,Wednesday,SUN_1_7_01
1847,Wednesday,SUN_1_21_00
1848,Wednesday,SUN_1_4_00
1851,Wednesday,SUN_1_700_01
1853,Wednesday,SUN_1_12_01
1855,Wednesday,SUN_1_4_00
1862,Wednesday,SUN_1_9_00
1868,Wednesday,SUN_1_7_00
1870,Wednesday,SUN_1_9_01
1873,Wednesday,SUN_1_8_00
1874,Wednesday,SUN_1_700_00
1876,Wednesday,SUN_1_1_00
1879,Wednesday,SUN_1_21_00
1880,Wednesday,SUN_1_8_00
1885,Wednesday,SUN_1_22_00
1886,Wednesday,SUN_1_9_00
1890,Wednesday,SUN_1_12_00
1893,Wednesday,SUN_1_8_00
1897,Wednesday,SUN_1_6_00
1903,Wednesday,SUN_1_9_00
1909,Wednesday,SUN_1_8_00
1910,Wednesday,SUN_1_21_01
1912,Wednesday,SUN_1_8_00
1913,Wednesday,SUN_1_9_00
1914,Wednesday,SUN_1_1_00
1915,Wednesday,SUN_1_4_01
1919,Wednesday,SUN_1_7_00
1920,Wednesday,SUN_1_9_00
1930,Wednesday,SUN_1_8_01
1932,Wednesday,SUN_1_9_00
1933,Wednesday,SUN_1_12_00
1939,Wednesday,SUN_1_9_00
1944,Wednesday,SUN_1_4_01
1947,Wednesday,SUN_1_8_01
1952,Wednesday,SUN_1_8_00
1954,Wednesday,SUN_1_8_01
1955,Wednesday,SUN_1_9_00
1956,Wednesday,SUN_1_8_00
1957,Wednesday,SUN_1_9_01
1959,Wednesday,SUN_1_7_00
1961,Wednesday,SUN_1_1_01
1964,Wednesday,SUN_1_21_00
1965,Wednesday,SUN_1_9_00
1966,Wednesday,SUN_1_10_00
1968,Wednesday,SUN_1_16_00
1969,Wednesday,SUN_1_9_01
1973,Wednesday,SUN_1_9_00
1976,Wednesday,SUN_1_8_00
1977,Wednesday,SUN_1_6_00
1980,Wednesday,SUN_1_8_00
1983,Wednesday,SUN_1_4_00
1984,Wednesday,SUN_1_1_01
1986,Wednesday,SUN_1_9_00
1987,Wednesday,SUN_1_16_00
1991,Wednesday,SUN_1_10_00
1992,Wednesday,SUN_1_9_00
1993,Wednesday,SUN_1_6_01
1994,Wednesday,SUN_1_9_01
1997,Wednesday,SUN_1_9_01
2001,Wednesday,SUN_1_16_00
2004,Wednesday,SUN_1_8_01
2005,Wednesday,SUN_1_21_00
2007,Wednesday,SUN_1_22_00
2013,Wednesday,SUN_1_12_01
2014,Wednesday,SUN_1_10_00
2021,Wednesday,SUN_1_8_01
2025,Wednesday,SUN_1_9_01
2026,Wednesday,SUN_1_10_00
2030,Wednesday,SUN_1_1_01
2033,Wednesday,SUN_1_21_00
2042,Wednesday,SUN_1_4_00
2043,Wednesday,SUN_1_21_01
2044,Wednesday,SUN_1_2_01
2045,Wednesday,SUN_1_9_01
2046,Wednesday,SUN_1_10_00
2054,Wednesday,SUN_1_6_01
2056,Wednesday,SUN_1_8_01
2060,Wednesday,SUN_1_8_01
2061,Wednesday,SUN_1_8_00
2062,Wednesday,SUN_1_10_00
2064,Wednesday,SUN_1_21_00
2066,Wednesday,SUN_1_9_01
2068,Wednesday,SUN_1_9_01
2070,Wednesday,SUN_1_8_01
2076,Wednesday,SUN_1_9_01
2077,Wednesday,SUN_1_2_01
2081,Wednesday,SUN_1_21_01
2082,Wednesday,SUN_1_6_00
2084,Wednesday,SUN_1_8_01
2085,Wednesday,SUN_1_9_01
2086,Wednesday,SUN_1_9_00
2090,Wednesday,SUN_1_9_01
2091,Wednesday,SUN_1_10_00
2092,Wednesday,SUN_1_8_00
2093,Wednesday,SUN_1_17_01
2094,Wednesday,SUN_1_21_01
2095,Wednesday,SUN_1_2_01
2098,Wednesday,SUN_1_4_00
2099,Wednesday,SUN_1_8_01
2110,Wednesday,SUN_1_16_00
2111,Wednesday,SUN_1_9_01
2118,Wednesday,SUN_1_8_01
2120,Wednesday,SUN_1_8_01
2122,Wednesday,SUN_1_2_01
2132,Wednesday,SUN_1_8_01
2133,Wednesday,SUN_1_15_01
2136,Wednesday,SUN_1_25_01
2138,Wednesday,SUN_1_8_01
2139,Wednesday,SUN_1_9_00
2149,Wednesday,SUN_1_2_00
2150,Wednesday,SUN_1_9_00
2154,Wednesday,SUN_1_6_00
2155,Wednesday,SUN_1_4_00
2156,Wednesday,SUN_1_10_01
2158,Wednesday,SUN_1_21_00
2160,Wednesday,SUN_1_9_00
2165,Wednesday,SUN_1_1_01
2166,Wednesday,SUN_1_9_00
2168,Wednesday,SUN_1_8_00
2169,Wednesday,SUN_1_6_00
2170,Wednesday,SUN_1_4_00
2173,Wednesday,SUN_1_10_01
2174,Wednesday,SUN_1_25_01
2175,Wednesday,SUN_1_9_00
2176,Wednesday,SUN_1_8_00
2182,Wednesday,SUN_1_9_00
2183,Wednesday,SUN_1_8_00
2189,Wednesday,SUN_1_9_00
2190,Wednesday,SUN_1_8_00
2191,Wednesday,SUN_1_1_00
2196,Wednesday,SUN_1_12_01
2197,Wednesday,SUN_1_6_01
2199,Wednesday,SUN_1_9_00
2201,Wednesday,SUN_1_16_01
2202,Wednesday,SUN_1_21_01
2203,Wednesday,SUN_1_21_00
2204,Wednesday,SUN_1_8_00
2205,Wednesday,SUN_1_8_00
2209,Wednesday,SUN_1_6_01
2211,Wednesday,SUN_1_8_00
2213,Wednesday,SUN_1_9_00
2217,Wednesday,SUN_1_1_00
2218,Wednesday,SUN_1_2_01
2219,Wednesday,SUN_1_8_00
2221,Wednesday,SUN_1_9_01
2224,Wednesday,SUN_1_6_01
2226,Wednesday,SUN_1_2_01
2229,Wednesday,SUN_1_25_00
2230,Wednesday,SUN_1_21_00
2231,Wednesday,SUN_1_21_00
2236,Wednesday,SUN_1_8_00
2237,Wednesday,SUN_1_6_01
2238,Wednesday,SUN_1_26_00
2239,Wednesday,SUN_1_12_00
2240,Wednesday,SUN_1_10_00
2244,Wednesday,SUN_1_12_00
2246,Wednesday,SUN_1_8_01
2252,Wednesday,SUN_1_9_01
2253,Wednesday,SUN_1_25_00
2254,Wednesday,SUN_1_8_00
2255,Wednesday,SUN_1_9_01
2264,Wednesday,SUN_1_8_01
2265,Wednesday,SUN_1_8_01
2268,Wednesday,SUN_1_21_00
2274,Wednesday,SUN_1_10_00
2276,Wednesday,SUN_1_9_01
2280,Wednesday,SUN_1_9_01
2283,Wednesday,SUN_1_8_01
2284,Wednesday,SUN_1_9_01
2291,Wednesday,SUN_1_6_00
2295,Wednesday,SUN_1_8_01
2297,Wednesday,SUN_1_4_01
2298,Wednesday,SUN_1_16_01
2300,Wednesday,SUN_1_10_00
2302,Wednesday,SUN_1_2_00
2303,Wednesday,SUN_1_9_01
2305,Wednesday,SUN_1_8_01
2307,Wednesday,SUN_1_12_01
2308,Wednesday,SUN_1_9_01
2309,Wednesday,SUN_1_8_01
2313,Wednesday,SUN_1_6_01
2315,Wednesday,SUN_1_9_00
2319,Wednesday,SUN_1_8_00
2321,Wednesday,SUN_1_4_01
2322,Wednesday,SUN_1_1_01
2323,Wednesday,SUN_1_12_00
2328,Wednesday,SUN_1_10_01
2330,Wednesday,SUN_1_9_00
2332,Wednesday,SUN_1_25_01
2333,Wednesday,SUN_1_8_00
2334,Wednesday,SUN_1_6_01
2343,Wednesday,SUN_1_8_01
2344,Wednesday,SUN_1_10_01
2346,Wednesday,SUN_1_9_00
2347,Wednesday,SUN_1_16_00
2348,Wednesday,SUN_1_4_01
2359,Wednesday,SUN_1_1_01
2360,Wednesday,SUN_1_9_00
2363,Wednesday,SUN_1_21_00
2366,Wednesday,SUN_1_9_00
2370,Wednesday,SUN_1_16_00
2371,Wednesday,SUN_1_9_00
2373,Wednesday,SUN_1_2_01
2378,Wednesday,SUN_1_21_00
2379,Wednesday,SUN_1_9_00
2380,Wednesday,SUN_1_6_01
2381,Wednesday,SUN_1_16_00
2382,Wednesday,SUN_1_9_00
2384,Wednesday,SUN_1_9_01
2385,Wednesday,SUN_1_4_00
2386,Wednesday,SUN_1_4_01
2387,Wednesday,SUN_1_1_00
2390,Wednesday,SUN_1_16_00
2393,Wednesday,SUN_1_6_00
2394,Wednesday,SUN_1_16_00
2398,Wednesday,SUN_1_8_00
2399,Wednesday,SUN_1_4_00
2402,Wednesday,SUN_1_8_00
2403,Wednesday,SUN_1_8_00
2404,Wednesday,SUN_1_12_01
2405,Wednesday,SUN_1_4_00
2406,Wednesday,SUN_1_16_00
2408,Wednesday,SUN_1_8_00
2409,Wednesday,SUN_1_16_01
2411,Wednesday,SUN_1_2_00
2414,Wednesday,SUN_1_16_00
2415,Wednesday,SUN_1_9_01
2416,Wednesday,SUN_1_12_00
2417,Wednesday,SUN_1_8_00
2425,Wednesday,SUN_1_16_01
2426,Wednesday,SUN_1_9_01
2428,Wednesday,SUN_1_6_00
2430,Wednesday,SUN_1_2_01
2431,Wednesday,SUN_1_6_01
2432,Wednesday,SUN_1_9_01
2433,Wednesday,SUN_1_8_00
2435,Wednesday,SUN_1_9_01
2438,Wednesday,SUN_1_16_01
2439,Wednesday,SUN_1_12_00
2441,Wednesday,SUN_1_1_01
2444,Wednesday,SUN_1_2_01
2445,Wednesday,SUN_1_6_01
2457,Wednesday,SUN_1_4_00
2458,Wednesday,SUN_1_8_01
2459,Wednesday,SUN_1_12_00
2463,Wednesday,SUN_1_8_00
2465,Wednesday,SUN_1_16_01
2468,Wednesday,SUN_1_21_00
2469,Wednesday,SUN_1_16_00
2470,Wednesday,SUN_1_8_00
2471,Wednesday,SUN_1_22_00
2472,Wednesday,SUN_1_16_01
2483,Wednesday,SUN_1_3_01
2485,Wednesday,SUN_1_18_01
2486,Wednesday,SUN_1_16_01
2569,Wednesday,SUN_1_4_00
2576,Wednesday,SUN_1_16_01
2585,Wednesday,SUN_1_16_01
2586,Wednesday,SUN_1_10_00
2614,Wednesday,SUN_1_16_00
2627,Wednesday,SUN_1_16_01
2634,Thursday,SUN_1_4_01
2635,Thursday,SUN_1_8_01
2636,Thursday,SUN_1_10_00
2643,Thursday,SUN_1_10_00
2644,Thursday,SUN_1_8_00
2648,Thursday,SUN_1_23_01
2650,Thursday,SUN_1_6_00
2651,Thursday,SUN_1_9_00
2652,Thursday,SUN_1_4_00
2655,Thursday,SUN_1_16_00
2657,Thursday,SUN_1_8_01
2660,Thursday,SUN_1_10_00
2663,Thursday,SUN_1_6_00
2670,Thursday,SUN_1_4_01
2674,Thursday,SUN_1_10_01
2680,Thursday,SUN_1_8_00
2686,Thursday,SUN_1_6_00
2687,Thursday,SUN_1_16_00
2688,Thursday,SUN_1_700_00
2689,Thursday,SUN_1_17_00
2697,Thursday,SUN_1_8_00
2701,Thursday,SUN_1_23_00
2704,Thursday,SUN_1_4_00
2705,Thursday,SUN_1_16_00
2709,Thursday,SUN_1_8_01
2710,Thursday,SUN_1_23_00
2711,Thursday,SUN_1_10_01
2714,Thursday,SUN_1_6_01
2715,Thursday,SUN_1_4_01
2721,Thursday,SUN_1_23_00
2722,Thursday,SUN_1_10_01
2724,Thursday,SUN_1_16_01
2727,Thursday,SUN_1_10_01
2730,Thursday,SUN_1_23_00
2736,Thursday,SUN_1_6_01
2739,Thursday,SUN_1_9_01
2740,Thursday,SUN_1_8_00
2741,Thursday,SUN_1_4_01
2743,Thursday,SUN_1_4_01
2749,Thursday,SUN_1_9_01
2755,Thursday,SUN_1_8_01
2756,Thursday,SUN_1_10_00
2765,Thursday,SUN_1_16_01
2766,Thursday,SUN_1_9_01
2768,Thursday,SUN_1_4_00
2769,Thursday,SUN_1_6_00
2772,Thursday,SUN_1_9_01
2776,Thursday,SUN_1_8_01
2779,Thursday,SUN_1_10_00
2781,Thursday,SUN_1_9_01
2782,Thursday,SUN_1_23_01
2783,Thursday,SUN_1_8_01
2784,Thursday,SUN_1_4_01
2785,Thursday,SUN_1_16_01
2786,Thursday,SUN_1_700_01
2789,Thursday,SUN_1_6_00
2790,Thursday,SUN_1_10_00
2793,Thursday,SUN_1_8_01
2794,Thursday,SUN_1_23_01
2795,Thursday,SUN_1_4_00
2799,Thursday,SUN_1_16_01
2802,Thursday,SUN_1_6_00
2803,Thursday,SUN_1_4_00
2805,Thursday,SUN_1_4_01
2806,Thursday,SUN_1_23_00
2807,Thursday,SUN_1_16_01
2808,Thursday,SUN_1_700_01
2810,Thursday,SUN_1_10_01
2813,Thursday,SUN_1_4_01
2814,Thursday,SUN_1_16_01
2815,Thursday,SUN_1_700_01
2816,Thursday,SUN_1_23_00
2818,Thursday,SUN_1_4_01
2821,Thursday,SUN_1_23_01
2822,Thursday,SUN_1_700_00
2823,Thursday,SUN_1_16_01
2824,Thursday,SUN_1_10_01
2826,Thursday,SUN_1_6_01
2829,Thursday,SUN_1_9_00
2830,Thursday,SUN_1_4_00
2837,Thursday,SUN_1_700_01
2841,Thursday,SUN_1_10_01
2843,Thursday,SUN_1_6_01
2844,Thursday,SUN_1_700_01
2846,Thursday,SUN_1_4_00
2857,Thursday,SUN_1_10_01
2869,Thursday,SUN_1_16_00
2870,Thursday,SUN_1_6_01
2871,Thursday,SUN_1_4_00
2872,Thursday,SUN_1_700_01
2873,Thursday,SUN_1_9_01
2874,Thursday,SUN_1_10_01
2885,Thursday,SUN_1_8_01
2886,Thursday,SUN_1_700_00
2887,Thursday,SUN_1_4_00
2889,Thursday,SUN_1_16_00
2893,Thursday,SUN_1_4_01
2900,Thursday,SUN_1_700_00
2902,Thursday,SUN_1_23_00
2903,Thursday,SUN_1_6_01
2911,Thursday,SUN_1_700_00
2912,Thursday,SUN_1_4_00
2917,Thursday,SUN_1_10_00
2918,Thursday,SUN_1_8_01
2919,Thursday,SUN_1_16_00
2920,Thursday,SUN_1_700_01
2922,Thursday,SUN_1_6_00
2924,Thursday,SUN_1_10_00
2925,Thursday,SUN_1_23_00
2926,Thursday,SUN_1_4_00
2929,Thursday,SUN_1_16_00
2930,Thursday,SUN_1_8_00
2932,Thursday,SUN_1_10_00
2935,Thursday,SUN_1_1_00
2936,Thursday,SUN_1_4_01
2938,Thursday,SUN_1_4_01
2939,Thursday,SUN_1_6_00
2944,Thursday,SUN_1_10_00
2946,Thursday,SUN_1_4_00
2948,Thursday,SUN_1_23_00
2957,Thursday,SUN_1_700_00
2963,Thursday,SUN_1_4_00
2968,Thursday,SUN_1_10_01
2971,Thursday,SUN_1_700_00
2992,Thursday,SUN_1_700_00
3004,Thursday,SUN_1_9_01
3009,Thursday,SUN_1_1_00
3011,Thursday,SUN_1_8_01
3014,Thursday,SUN_1_4_00
3015,Thursday,SUN_1_10_01
3016,Thursday,SUN_1_6_01
3018,Thursday,SUN_1_1_00
3020,Thursday,SUN_1_9_01
3023,Thursday,SUN_1_700_01
3024,Thursday,SUN_1_16_01
3025,Thursday,SUN_1_4_01
3026,Thursday,SUN_1_10_01
3027,Thursday,SUN_1_4_00
3028,Thursday,SUN_1_6_01
3031,Thursday,SUN_1_4_01
3032,Thursday,SUN_1_10_01
3034,Thursday,SUN_1_9_00
3036,Thursday,SUN_1_16_01
3040,Thursday,SUN_1_1_00
3041,Thursday,SUN_1_4_00
3043,Thursday,SUN_1_6_00
3045,Thursday,SUN_1_23_01
3049,Thursday,SUN_1_16_01
3051,Thursday,SUN_1_4_01
3053,Thursday,SUN_1_23_01
3054,Thursday,SUN_1_700_00
3055,Thursday,SUN_1_10_00
3056,Thursday,SUN_1_4_00
3057,Thursday,SUN_1_16_01
3058,Thursday,SUN_1_10_00
3059,Thursday,SUN_1_23_00
3062,Thursday,SUN_1_4_00
3067,Thursday,SUN_1_6_00
3070,Thursday,SUN_1_8_01
3071,Thursday,SUN_1_4_01
3074,Thursday,SUN_1_16_01
3077,Thursday,SUN_1_10_00
3078,Thursday,SUN_1_4_01
3080,Thursday,SUN_1_16_01
3081,Thursday,SUN_1_6_01
3083,Thursday,SUN_1_9_01
3086,Thursday,SUN_1_10_00
3087,Thursday,SUN_1_8_01
3088,Thursday,SUN_1_4_01
3090,Thursday,SUN_1_4_01
3095,Thursday,SUN_1_16_00
3096,Thursday,SUN_1_8_01
3098,Thursday,SUN_1_4_00
3100,Thursday,SUN_1_23_00
3104,Thursday,SUN_1_1_01
3108,Thursday,SUN_1_16_00
3109,Thursday,SUN_1_4_01
3110,Thursday,SUN_1_23_00
3111,Thursday,SUN_1_6_01
3112,Thursday,SUN_1_8_00
3114,Thursday,SUN_1_1_00
3119,Thursday,SUN_1_9_01
3120,Thursday,SUN_1_700_01
3121,Thursday,SUN_1_23_00
3123,Thursday,SUN_1_6_01
3131,Thursday,SUN_1_16_01
3132,Thursday,SUN_1_10_01
3133,Thursday,SUN_1_8_01
3134,Thursday,SUN_1_9_01
3135,Thursday,SUN_1_1_01
3137,Thursday,SUN_1_4_01
3138,Thursday,SUN_1_23_00
3139,Thursday,SUN_1_4_00
3142,Thursday,SUN_1_1_01
3143,Thursday,SUN_1_8_01
3145,Thursday,SUN_1_700_01
3146,Thursday,SUN_1_9_00
3150,Thursday,SUN_1_6_00
3151,Thursday,SUN_1_4_01
3153,Thursday,SUN_1_23_01
3154,Thursday,SUN_1_10_01
3156,Thursday,SUN_1_16_01
3158,Thursday,SUN_1_700_01
3159,Thursday,SUN_1_10_01
3169,Thursday,SUN_1_10_01
3173,Thursday,SUN_1_4_01
3178,Thursday,SUN_1_700_00
3181,Thursday,SUN_1_16_01
3182,Thursday,SUN_1_4_00
3183,Thursday,SUN_1_10_01
3184,Thursday,SUN_1_4_00
3186,Thursday,SUN_1_6_00
3187,Thursday,SUN_1_700_00
3190,Thursday,SUN_1_10_00
3193,Thursday,SUN_1_16_00
3194,Thursday,SUN_1_4_00
3196,Thursday,SUN_1_10_00
3198,Thursday,SUN_1_700_01
3200,Thursday,SUN_1_16_00
3203,Thursday,SUN_1_9_00
3206,Thursday,SUN_1_10_00
3208,Thursday,SUN_1_4_01
3211,Thursday,SUN_1_4_00
3212,Thursday,SUN_1_700_00
3214,Thursday,SUN_1_9_00
3215,Thursday,SUN_1_10_00
3216,Thursday,SUN_1_23_01
3217,Thursday,SUN_1_16_00
3221,Thursday,SUN_1_6_01
3223,Thursday,SUN_1_4_01
3225,Thursday,SUN_1_23_01
3226,Thursday,SUN_1_8_01
3227,Thursday,SUN_1_10_01
3230,Thursday,SUN_1_16_01
3233,Thursday,SUN_1_4_01
3235,Thursday,SUN_1_16_00
3236,Thursday,SUN_1_4_00
3240,Thursday,SUN_1_4_01
3243,Thursday,SUN_1_16_00
3245,Thursday,SUN_1_16_00
3248,Thursday,SUN_1_6_01
3249,Thursday,SUN_1_4_01
3251,Thursday,SUN_1_10_01
3256,Thursday,SUN_1_4_01
3259,Thursday,SUN_1_23_00
3262,Thursday,SUN_1_4_01
3267,Thursday,SUN_1_8_01
3270,Thursday,SUN_1_6_00
3271,Thursday,SUN_1_10_01
3273,Thursday,SUN_1_8_00
3275,Thursday,SUN_1_16_00
3277,Thursday,SUN_1_8_00
3279,Thursday,SUN_1_10_01
3281,Thursday,SUN_1_4_01
3283,Thursday,SUN_1_16_01
3284,Thursday,SUN_1_23_00
3293,Thursday,SUN_1_6_00
3294,Thursday,SUN_1_16_01
3297,Thursday,SUN_1_16_01
3299,Thursday,SUN_1_25_01
3300,Thursday,SUN_1_19_00
3301,Thursday,SUN_1_4_01
3312,Thursday,SUN_1_16_01
3314,Thursday,SUN_1_4_00
3324,Thursday,SUN_1_9_01
3328,Thursday,SUN_1_6_01
3329,Thursday,SUN_1_16_01
3330,Thursday,SUN_1_6_00
3338,Thursday,SUN_1_16_01
3344,Thursday,SUN_1_8_00
3347,Thursday,SUN_1_9_01
3348,Thursday,SUN_1_8_01
3351,Thursday,SUN_1_4_00
3354,Thursday,SUN_1_16_00
3355,Thursday,SUN_1_9_01
3356,Thursday,SUN_1_8_00
3357,Thursday,SUN_1_1_00
3363,Thursday,SUN_1_9_01
3364,Thursday,SUN_1_6_01
3366,Thursday,SUN_1_8_00
3368,Thursday,SUN_1_16_01
3377,Thursday,SUN_1_8_00
3382,Thursday,SUN_1_61_00
3383,Thursday,SUN_1_16_00
3384,Thursday,SUN_1_4_01
3388,Thursday,SUN_1_1_00
3406,Thursday,SUN_1_9_01
3407,Thursday,SUN_1_8_00
3408,Thursday,SUN_1_61_01
3416,Thursday,SUN_1_8_01
3419,Thursday,SUN_1_4_00
3421,Thursday,SUN_1_8_00
3423,Thursday,SUN_1_1_00
3476,Thursday,SUN_1_8_01
3504,Thursday,SUN_1_6_01
3508,Thursday,SUN_1_16_00
3511,Thursday,SUN_1_8_00
3513,Thursday,SUN_1_61_01
3527,Thursday,SUN_1_4_01
3533,Thursday,SUN_1_9_00
3539,Thursday,SUN_1_16_01
3540,Thursday,SUN_1_4_00
3542,Thursday,SUN_1_8_01
3544,Thursday,SUN_1_6_00
3545,Thursday,SUN_1_8_00
3547,Thursday,SUN_1_9_00
3550,Thursday,SUN_1_8_00
3554,Thursday,SUN_1_16_01
3557,Thursday,SUN_1_1_01
3597,Thursday,SUN_1_4_00
3605,Thursday,SUN_1_19_01
3606,Thursday,SUN_1_16_01
3612,Thursday,SUN_1_6_00
3613,Thursday,SUN_1_8_00
3614,Thursday,SUN_1_8_01
3619,Thursday,SUN_1_23_01
3621,Thursday,SUN_1_16_00
3625,Thursday,SUN_1_8_01
3626,Thursday,SUN_1_8_00
3628,Thursday,SUN_1_16_00
3629,Thursday,SUN_1_6_00
3631,Thursday,SUN_1_23_01
3637,Thursday,SUN_1_23_01
3638,Thursday,SUN_1_16_00
3641,Thursday,SUN_1_8_01
3643,Thursday,SUN_1_19_00
3653,Thursday,SUN_1_23_01
3658,Thursday,SUN_1_19_00
3662,Thursday,SUN_1_16_00
3665,Thursday,SUN_1_8_00
3678,Thursday,SUN_1_19_01
3680,Thursday,SUN_1_23_01
3681,Thursday,SUN_1_6_01
3682,Thursday,SUN_1_16_00
3683,Thursday,SUN_1_6_00
3708,Thursday,SUN_1_4_00
3717,Thursday,SUN_1_8_01
3719,Thursday,SUN_1_16_00
3720,Thursday,SUN_1_1_01
3722,Thursday,SUN_1_4_01
3723,Thursday,SUN_1_8_00
3728,Thursday,SUN_1_4_00
3731,Thursday,SUN_1_16_00
3733,Thursday,SUN_1_8_00
3737,Thursday,SUN_1_19_01
3751,Thursday,SUN_1_23_00
3758,Thursday,SUN_1_8_01
3759,Thursday,SUN_1_19_01
3762,Thursday,SUN_1_8_01
3764,Thursday,SUN_1_16_00
3765,Thursday,SUN_1_8_00
3768,Thursday,SUN_1_6_01
3778,Thursday,SUN_1_19_00
3779,Thursday,SUN_1_23_00
3780,Thursday,SUN_1_8_01
3787,Thursday,SUN_1_23_00
3788,Thursday,SUN_1_16_01
3793,Thursday,SUN_1_16_01
3797,Thursday,SUN_1_23_00
3798,Thursday,SUN_1_8_01
3799,Thursday,SUN_1_16_01
3806,Thursday,SUN_1_700_00
3809,Thursday,SUN_1_4_00
3812,Thursday,SUN_1_16_01
3814,Thursday,SUN_1_23_00
3817,Thursday,SUN_1_8_00
3843,Thursday,SUN_1_6_00
3845,Thursday,SUN_1_8_01
3848,Thursday,SUN_1_700_01
3853,Thursday,SUN_1_8_01
3861,Thursday,SUN_1_4_01
3864,Thursday,SUN_1_8_01
3869,Thursday,SUN_1_6_00
3870,Thursday,SUN_1_700_01
3872,Thursday,SUN_1_8_01
3874,Thursday,SUN_1_4_00
3876,Thursday,SUN_1_700_01
3891,Thursday,SUN_1_23_01
3896,Thursday,SUN_1_16_00
3900,Thursday,SUN_1_8_01
3904,Thursday,SUN_1_700_00
3914,Thursday,SUN_1_19_00
3936,Thursday,SUN_1_8_00
3950,Thursday,SUN_1_16_00
3952,Thursday,SUN_1_19_00
3953,Thursday,SUN_1_1_01
3956,Thursday,SUN_1_1_01
3957,Thursday,SUN_1_8_01
3967,Thursday,SUN_1_23_01
3977,Thursday,SUN_1_16_01
3978,Thursday,SUN_1_19_01
3979,Thursday,SUN_1_1_00
3981,Thursday,SUN_1_8_00
3982,Thursday,SUN_1_16_01
3983,Thursday,SUN_1_23_01
3985,Thursday,SUN_1_700_01
3988,Thursday,SUN_1_19_00
4015,Thursday,SUN_1_6_01
4017,Thursday,SUN_1_19_01
4020,Thursday,SUN_1_6_01
4037,Thursday,SUN_1_6_00
4038,Thursday,SUN_1_16_01
4042,Thursday,SUN_1_8_00
4043,Thursday,SUN_1_23_00
4045,Thursday,SUN_1_8_01
4046,Thursday,SUN_1_1_00
4052,Thursday,SUN_1_16_01
4054,Thursday,SUN_1_8_00
4061,Thursday,SUN_1_23_00
4069,Thursday,SUN_1_16_01
4077,Thursday,SUN_1_19_01
4080,Thursday,SUN_1_16_01
4081,Thursday,SUN_1_8_01
4092,Thursday,SUN_1_700_01
4098,Thursday,SUN_1_4_00
4103,Thursday,SUN_1_19_00
4107,Thursday,SUN_1_8_01
4109,Thursday,SUN_1_4_00
4110,Thursday,SUN_1_23_01
4113,Thursday,SUN_1_1_01
4114,Thursday,SUN_1_700_00
4121,Thursday,SUN_1_19_00
4124,Thursday,SUN_1_19_01
4133,Thursday,SUN_1_700_01
4143,Thursday,SUN_1_1_00
4158,Thursday,SUN_1_7_00
4160,Thursday,SUN_1_4_01
4166,Thursday,SUN_1_700_00
4170,Thursday,SUN_1_12_01
4173,Thursday,SUN_1_700_01
